{"cameraMode":{"drawMode":0,"name":"Shaded","section":"Shading Mode"},"sceneLighting":false,"audioPlay":false,"sceneViewState":{"showFog":true,"showMaterialUpdate":false,"showSkybox":false,"showFlares":true,"showImageEffects":true,"showParticleSystems":true},"in2DMode":false,"pivot":{"x":-2.9992823600769045,"y":1.6162760257720948,"z":-4.077298164367676},"rotation":{"x":0.26798728108406069,"y":-0.2259906828403473,"z":0.06486940383911133,"w":0.9344314932823181},"size":3.698269844055176,"orthographic":false}