{"cameraMode":{"drawMode":0,"name":"Shaded","section":"Shading Mode"},"sceneLighting":false,"audioPlay":false,"sceneViewState":{"showFog":true,"showMaterialUpdate":false,"showSkybox":true,"showFlares":true,"showImageEffects":true,"showParticleSystems":true},"in2DMode":false,"pivot":{"x":-10.900995254516602,"y":11.021528244018555,"z":-0.8310546875},"rotation":{"x":0.14066718518733979,"y":0.3406306803226471,"z":-0.05144545063376427,"w":0.928473174571991},"size":14.667388916015625,"orthographic":false}