{"cameraMode":{"drawMode":0,"name":"Shaded","section":"Shading Mode"},"sceneLighting":false,"audioPlay":false,"sceneViewState":{"showFog":true,"showMaterialUpdate":false,"showSkybox":true,"showFlares":true,"showImageEffects":true,"showParticleSystems":true},"in2DMode":false,"pivot":{"x":-7.202201843261719,"y":1.7029733657836915,"z":-14.429866790771485},"rotation":{"x":0.26518291234970095,"y":0.5452348589897156,"z":-0.1868809312582016,"w":0.773303210735321},"size":14.035778999328614,"orthographic":false}