{"cameraMode":{"drawMode":0,"name":"Shaded","section":"Shading Mode"},"sceneLighting":false,"audioPlay":false,"sceneViewState":{"showFog":true,"showMaterialUpdate":false,"showSkybox":true,"showFlares":true,"showImageEffects":true,"showParticleSystems":true},"in2DMode":false,"pivot":{"x":-6.931787490844727,"y":0.8859509229660034,"z":2.7026748657226564},"rotation":{"x":-0.27514171600341799,"y":-0.6450240612030029,"z":0.2688063681125641,"w":-0.660376250743866},"size":2.2526752948760988,"orthographic":false}