{"cameraMode":{"drawMode":0,"name":"Shaded","section":"Shading Mode"},"sceneLighting":false,"audioPlay":false,"sceneViewState":{"showFog":true,"showMaterialUpdate":false,"showSkybox":false,"showFlares":true,"showImageEffects":true,"showParticleSystems":true},"in2DMode":false,"pivot":{"x":0.9031872749328613,"y":7.3712921142578129,"z":-0.25250256061553957},"rotation":{"x":0.25833114981651308,"y":-0.011595319025218487,"z":0.00310482713393867,"w":0.9659959077835083},"size":7.622313976287842,"orthographic":false}